<library path="ros2_control_t170">
  <class name="ros2_control_t170/RobotSystem"
         type="ros2_control_t170::RobotSystem"
         base_class_type="hardware_interface::SystemInterface">
    <description>
      Robot hardware plugin
    </description>
  </class>
  <class name="ros2_control_t170/RobotController"
         type="ros2_control_t170::RobotController"
         base_class_type="controller_interface::ControllerInterface">
    <description>
      Robot controller plugin
    </description>
  </class>
</library>
